id;prenom;nom;email;numero_tel;date_embauche;salaire;adresse;cin;date_naissance;sexe
1;West Virginia Cotton;Bangladesh;Rogers81@gmail.com;real-time bluetooth motivating;2020-08-19;63922;Cotton;Beauty input;2020-08-20;Avon
2;solutions;XML online Secured;Palma.Nolan46@hotmail.com;interfaces;2020-08-19;27039;Officer;Montana Internal;2020-08-19;system
3;Generic benchmark;Regional open system;Jordyn_Goldner@yahoo.com;Money Market Account Euro;2020-08-19;17737;open-source Interactions Organic;plug-and-play;2020-08-20;Bulgarian Lev
4;AI;Toys e-markets;Genoveva_Batz23@hotmail.com;e-tailers;2020-08-20;76836;Extended Tasty Rubber Gloves;Cross-group Handcrafted;2020-08-20;interface
5;Internal;Human;Nikita4@hotmail.com;grid-enabled CFA Franc BEAC;2020-08-20;53109;deposit Dynamic Intelligent Frozen Bacon;Devolved;2020-08-20;Expressway program
6;directional Moroccan Dirham uniform;hacking;Alanis67@gmail.com;Wooden Horizontal hard drive;2020-08-19;4728;programming;Alaska;2020-08-19;index
7;Quality Money Market Account;Yuan Renminbi;Dasia.DAmore82@yahoo.com;Sao Tome and Principe FTP;2020-08-19;34874;calculate;JBOD Ergonomic Avon;2020-08-19;connect Metal
8;Bike Assimilated;functionalities;Laverna.Kub34@gmail.com;neutral navigate;2020-08-19;53185;Expressway e-markets;Valley national;2020-08-19;auxiliary
9;engage SSL Auto Loan Account;green;Era25@yahoo.com;Technician orange;2020-08-20;13262;impactful;real-time;2020-08-20;Shoes
10;compress Gloves virtual;user-centric Credit Card Account Hong Kong;Shyann_Rempel@gmail.com;copying Home Loan Account Books;2020-08-20;22343;scale Singapore Dollar disintermediate;lime Park;2020-08-19;Checking Account
